"insee","surf","surf_naf","naf_evol"
"Norm",3010049,2735011,-19970
"14",560174,505958,-4338
"27",603572,546237,-4009
"50",600222,547172,-4218
"61",614284,577279,-2118
"76",631797,558365,-5287
"14001",1214,1090,-17
"14002",673,647,-2
"14003",427,397,-4
"14004",440,403,0
"14005",1348,1279,-5
"14006",530,449,-6
"14007",567,542,-1
"14008",591,551,-3
"14009",598,456,1
"14011",1769,1673,-6
"14012",394,354,1
"14013",372,364,-1
"14014",291,247,-4
"14015",415,371,-3
"14016",576,512,-3
"14019",710,681,-2
"14020",980,803,-15
"14021",136,97,-1
"14022",265,181,-2
"14023",464,446,-2
"14024",267,214,-14
"14025",498,449,-4
"14026",1127,1040,-8
"14027",1298,1135,-20
"14028",962,909,0
"14029",556,537,0
"14030",323,261,-13
"14031",433,417,-1
"14032",1029,963,-3
"14033",1179,1138,-2
"14034",573,532,-5
"14035",436,374,-2
"14036",645,583,-9
"14037",562,530,-4
"14038",468,395,-5
"14039",870,808,-3
"14040",357,325,-1
"14041",418,391,-2
"14042",645,585,-11
"14043",839,818,-2
"14044",405,356,-6
"14045",1073,1003,-16
"14046",1855,1695,-34
"14047",709,173,-26
"14049",407,387,-1
"14050",1042,1000,-2
"14052",321,301,-3
"14053",1070,1033,-2
"14054",505,480,-4
"14055",812,745,-3
"14056",180,165,-3
"14057",1021,901,2
"14058",751,719,1
"14059",306,201,2
"14060",541,394,-16
"14061",908,812,-11
"14062",674,631,-3
"14063",602,565,-2
"14064",941,899,-6
"14065",1598,1516,-6
"14066",774,620,-8
"14068",1125,923,-36
"14069",491,383,-9
"14070",977,933,1
"14073",395,375,0
"14074",678,640,-6
"14075",158,141,-1
"14076",715,371,-12
"14077",1067,965,-11
"14078",721,682,-2
"14079",685,518,-12
"14080",391,369,-3
"14081",531,495,-1
"14082",205,189,0
"14083",1236,1165,-9
"14084",865,820,-2
"14085",2087,1934,-3
"14086",667,560,-6
"14087",722,698,-1
"14088",939,879,-2
"14089",310,286,-1
"14090",1389,1317,-13
"14091",624,584,0
"14092",555,457,-41
"14093",639,596,6
"14096",1270,1227,-4
"14097",457,411,2
"14098",633,481,-38
"14099",697,665,-2
"14100",984,878,-10
"14101",649,417,-9
"14102",944,799,-4
"14103",441,395,-4
"14104",447,418,-4
"14105",356,335,-1
"14106",481,433,-2
"14107",686,653,-1
"14109",407,371,-2
"14110",664,611,-24
"14111",488,458,-4
"14113",1182,1136,-7
"14115",530,506,-2
"14116",286,276,-1
"14117",534,197,-41
"14118",2574,221,-16
"14119",854,748,-52
"14120",2468,2313,-6
"14121",729,687,-2
"14122",243,229,-2
"14123",597,508,-19
"14124",1127,1021,0
"14125",319,257,-14
"14126",2414,2287,-4
"14127",1025,980,-9
"14128",676,654,-2
"14129",848,777,-9
"14130",568,538,-3
"14131",253,209,-7
"14132",581,542,-3
"14134",237,221,0
"14135",430,387,-7
"14136",338,320,0
"14137",589,347,-26
"14138",1050,995,-2
"14139",1065,1004,-6
"14140",1114,1066,-4
"14141",734,706,-2
"14142",1243,1180,-4
"14143",641,560,-12
"14144",93,85,0
"14145",974,882,-2
"14146",595,573,-4
"14147",588,561,-1
"14148",574,554,1
"14149",412,381,-4
"14150",665,622,-4
"14151",1419,1352,-15
"14152",408,386,-1
"14153",294,283,-2
"14154",706,645,-3
"14155",787,745,-5
"14156",683,647,-2
"14157",1440,1352,-8
"14158",754,705,-4
"14159",315,293,0
"14160",754,705,-7
"14161",969,913,-10
"14162",2456,2269,-3
"14163",871,825,-5
"14164",636,559,-10
"14165",692,616,-1
"14166",798,661,-11
"14167",710,276,-12
"14333",1368,846,-101
"14168",1106,1030,-4
"14169",340,324,-1
"14170",276,245,-1
"14171",456,438,0
"14172",667,620,-12
"14173",1133,1085,-5
"14174",1251,955,-21
"14175",244,221,-2
"14176",423,411,-1
"14177",1199,1095,-10
"14178",417,398,-7
"14179",904,873,-3
"14180",457,436,0
"14181",351,85,-15
"14182",1115,1055,-4
"14183",474,445,-2
"14184",381,360,-4
"14185",499,427,-4
"14186",441,403,-4
"14187",1601,1507,-10
"14188",451,402,-6
"14189",453,436,0
"14190",907,880,0
"14191",807,573,-12
"14192",1712,1632,-7
"14193",1281,1185,-10
"14194",1405,1308,-5
"14195",968,939,-4
"14196",546,515,-2
"14197",362,304,-1
"14198",562,522,-5
"14200",861,753,-6
"14201",214,186,-1
"14202",184,143,-2
"14203",686,632,-6
"14204",865,816,-2
"14205",388,368,-1
"14206",1030,985,-2
"14207",1021,948,-6
"14208",441,407,-4
"14209",780,717,-3
"14210",347,328,0
"14211",772,731,-3
"14212",657,634,-2
"14213",1367,1298,-1
"14214",239,204,-1
"14215",206,138,-7
"14216",635,596,2
"14217",538,512,0
"14218",638,587,-8
"14219",1105,1068,-3
"14220",377,29,-5
"14221",357,222,-21
"14222",398,382,-1
"14223",549,530,0
"14224",411,395,0
"14225",629,358,-2
"14226",1134,1093,-6
"14227",622,584,0
"14228",1086,818,-15
"14229",525,419,-3
"14230",324,303,-5
"14231",1134,1076,-8
"14232",361,343,-1
"14235",690,637,-3
"14236",674,639,-6
"14237",398,366,-11
"14238",365,339,-3
"14239",807,772,-3
"14240",1159,1110,-5
"14241",1175,1112,-3
"14242",155,79,-10
"14243",604,484,-19
"14244",404,378,-2
"14245",907,871,-2
"14246",519,480,-7
"14248",455,431,0
"14249",307,250,-5
"14250",305,236,-6
"14251",887,823,-6
"14252",743,698,-2
"14253",1086,1043,-4
"14254",496,397,-6
"14255",229,203,-2
"14256",430,400,-7
"14257",840,729,-14
"14258",1178,777,-31
"14259",1069,1041,0
"14260",763,723,-7
"14261",450,411,-6
"14264",1163,1113,-4
"14265",1103,1026,-5
"14266",819,699,-5
"14268",1283,1230,-4
"14269",494,436,-4
"14270",509,458,2
"14271",685,484,-64
"14272",667,642,-1
"14273",1086,1048,-1
"14274",523,417,-26
"14275",581,543,-1
"14276",849,810,-2
"14277",1015,904,-25
"14278",1010,938,-11
"14279",289,269,-2
"14280",598,569,-3
"14281",1102,1047,-5
"14282",656,622,-1
"14283",475,451,-2
"14284",542,521,-1
"14285",305,297,-2
"14286",686,611,-14
"14287",657,546,-16
"14288",708,646,-9
"14289",823,766,-3
"14290",962,885,-9
"14291",250,230,-2
"14292",950,908,0
"14293",668,627,-4
"14294",569,487,-16
"14296",1294,1205,-11
"14297",278,248,-2
"14298",1159,1071,0
"14299",951,877,-9
"14300",348,339,-1
"14301",501,264,-12
"14302",653,601,1
"14303",1302,1159,-10
"14304",826,694,-14
"14305",1342,1168,-35
"14306",440,395,-2
"14307",226,209,-1
"14308",1046,962,-28
"14309",523,474,-5
"14310",543,484,-4
"14311",525,461,-6
"14312",1487,1288,-5
"14313",352,332,-2
"14316",671,630,-7
"14317",1197,1090,-11
"14318",665,540,-7
"14319",413,326,-6
"14320",864,807,-1
"14322",526,482,-6
"14324",953,908,-2
"14325",819,652,-18
"14326",1400,1252,-9
"14327",1065,343,-13
"14328",399,338,-8
"14329",298,282,-5
"14330",594,563,0
"14331",482,447,-1
"14332",2482,2379,-42
"14334",586,555,-2
"14335",2441,2305,-9
"14336",848,806,-3
"14337",721,674,1
"14338",477,198,-10
"14339",194,173,-12
"14341",904,442,-19
"14342",1738,1505,-7
"14343",573,541,-1
"14344",445,398,-7
"14345",661,624,-1
"14346",1612,1536,-3
"14347",1282,1202,-4
"14348",355,342,-2
"14349",175,143,-11
"14350",159,149,0
"14352",2457,2329,-17
"14353",614,576,-3
"14354",485,395,-9
"14355",439,391,-7
"14356",403,365,-5
"14357",1261,1208,-8
"14358",324,310,0
"14359",815,787,-1
"14360",693,670,1
"14361",675,643,-2
"14362",1019,977,0
"14364",1464,1397,-1
"14365",476,356,-6
"14366",1303,562,-31
"14367",1098,1024,-5
"14368",1197,1145,-3
"14369",706,669,-4
"14370",2739,2487,-12
"14371",1228,1075,-8
"14372",2394,2273,-7
"14373",371,343,-1
"14374",451,419,-2
"14375",682,661,0
"14376",675,646,-2
"14377",1238,1169,-7
"14378",666,604,-2
"14379",677,645,-3
"14380",307,282,-18
"14381",557,542,-2
"14382",426,406,-2
"14383",568,429,-9
"14384",362,212,-6
"14385",446,424,-1
"14386",640,592,-5
"14387",650,605,-4
"14388",1389,1322,-6
"14389",552,503,-3
"14390",433,414,0
"14391",672,626,-3
"14393",576,536,-4
"14394",719,674,-1
"14395",129,121,-1
"14396",428,380,-8
"14397",886,834,-3
"14398",1846,1776,-6
"14399",633,564,-5
"14400",588,565,-2
"14401",290,273,-6
"14402",246,233,-1
"14403",1240,1132,-11
"14404",592,570,0
"14405",955,917,-1
"14406",373,339,-2
"14407",947,800,-15
"14408",348,264,-6
"14409",1046,780,-8
"14410",736,660,-2
"14411",576,547,-2
"14412",440,423,0
"14413",929,884,-13
"14414",451,422,-4
"14415",270,259,-1
"14416",427,405,-2
"14417",1556,1434,-15
"14418",990,939,-3
"14419",853,814,-2
"14420",875,834,0
"14421",388,340,-4
"14422",3129,2937,4
"14423",349,323,-5
"14424",409,386,-3
"14425",958,923,-1
"14426",741,709,-3
"14427",361,326,-1
"14429",1659,1589,4
"14430",742,622,-2
"14431",1094,828,-14
"14432",516,473,-1
"14433",740,714,1
"14435",380,353,0
"14436",476,413,-7
"14437",906,202,-32
"14438",319,285,-6
"14439",733,681,-1
"14440",373,357,0
"14441",640,609,-6
"14442",1641,1578,-12
"14443",1852,1788,-17
"14444",454,433,0
"14445",1990,1919,-1
"14446",391,376,-1
"14448",342,332,-1
"14449",723,676,-1
"14450",669,632,0
"14452",1189,1116,-5
"14453",650,586,-10
"14454",423,305,-12
"14455",944,909,-1
"14456",1018,827,-20
"14457",1009,979,-2
"14458",625,568,-2
"14459",832,805,0
"14460",1662,1509,-10
"14461",668,630,-5
"14462",2152,2024,-5
"14465",682,609,-5
"14466",654,597,-3
"14467",760,725,-4
"14468",305,277,-4
"14469",883,858,-1
"14471",1996,1912,-2
"14473",273,252,-1
"14474",754,711,-3
"14475",905,802,-3
"14476",745,720,-2
"14477",1544,1491,-3
"14478",1020,860,-3
"14480",1145,1019,-2
"14481",431,399,-2
"14482",473,439,-2
"14483",422,397,-1
"14484",907,859,-1
"14486",1200,1144,-2
"14487",803,710,-4
"14488",895,409,-12
"14489",771,720,-11
"14491",373,354,-1
"14492",567,512,-4
"14493",719,672,1
"14494",506,458,-1
"14495",296,254,-4
"14496",267,255,-1
"14497",816,748,1
"14498",843,807,-4
"14499",292,255,-12
"14500",542,480,-4
"14501",1083,1038,-3
"14502",433,419,0
"14503",971,934,-3
"14504",1160,1070,-18
"14505",545,524,-2
"14506",1451,1391,-1
"14508",1622,1563,-4
"14509",124,107,0
"14510",284,269,-3
"14511",363,345,-1
"14512",242,218,3
"14513",1360,1228,-4
"14514",818,465,-12
"14515",759,560,-59
"14516",426,335,-9
"14517",411,397,0
"14518",375,359,0
"14519",426,409,0
"14520",1079,996,-7
"14521",911,876,-4
"14522",1136,1075,-1
"14523",1265,1213,-2
"14524",657,620,-1
"14525",359,319,-9
"14527",2065,1888,-3
"14528",1034,953,-9
"14529",521,495,-4
"14530",844,685,-24
"14531",423,409,-1
"14532",478,452,-5
"14533",214,198,0
"14534",743,674,-2
"14535",436,373,-2
"14536",544,401,-30
"14538",278,194,-22
"14539",503,488,-1
"14540",620,578,-4
"14541",470,447,-1
"14542",391,349,-3
"14543",1218,1065,-40
"14544",552,531,-3
"14545",1346,1234,-14
"14546",889,858,-3
"14547",561,538,-2
"14548",261,248,-1
"14549",982,943,-2
"14550",540,521,0
"14551",490,464,-3
"14552",970,914,-4
"14553",624,608,-1
"14554",691,628,-15
"14555",988,872,-7
"14556",385,244,-14
"14557",513,314,-13
"14558",330,284,-7
"14559",835,775,-10
"14562",303,184,-4
"14563",720,649,-8
"14564",671,633,-2
"14565",431,394,-2
"14566",797,637,-24
"14568",526,496,-11
"14569",211,193,-4
"14570",407,357,-5
"14571",436,402,-1
"14572",1138,1055,-3
"14573",242,227,-3
"14574",1950,1763,-17
"14575",1244,1147,-2
"14576",454,424,-1
"14577",733,697,-5
"14578",4940,4611,-22
"14579",2390,2285,-6
"14580",515,494,-2
"14581",499,471,-3
"14582",1650,1561,-5
"14583",826,795,-1
"14584",4241,3950,-23
"14585",1463,1367,-12
"14586",615,573,-2
"14587",263,195,-1
"14588",1057,1010,-2
"14589",940,876,-3
"14590",505,484,0
"14591",588,524,-6
"14592",754,650,-3
"14593",1262,1152,-12
"14595",355,328,-2
"14596",862,824,-1
"14597",1548,1488,-6
"14598",512,482,-4
"14599",622,571,-3
"14600",325,278,-6
"14601",865,705,4
"14602",743,706,-2
"14603",1241,1177,-1
"14604",351,331,-2
"14605",395,341,-4
"14606",408,390,-7
"14607",440,422,-1
"14608",357,329,1
"14609",536,465,-7
"14610",836,716,-19
"14611",1205,1067,-7
"14613",518,498,-1
"14614",2087,1975,-5
"14615",1096,1056,-2
"14616",783,724,1
"14618",1558,1470,-9
"14619",589,562,-4
"14620",509,425,-8
"14621",1169,1100,-6
"14622",904,870,-1
"14623",1081,946,-43
"14625",839,768,-4
"14626",732,645,-10
"14627",1026,966,-13
"14628",1812,1717,-3
"14629",2236,2089,-12
"14630",615,490,-6
"14632",763,727,-5
"14633",479,461,-1
"14634",483,457,0
"14635",812,780,-1
"14636",853,786,-4
"14637",599,571,-1
"14638",528,509,-1
"14639",564,531,-1
"14640",334,311,-2
"14643",1537,1465,-7
"14644",1207,1129,-6
"14645",630,592,-6
"14646",710,673,-4
"14647",464,412,-3
"14648",1129,1066,-6
"14649",748,703,-26
"14650",350,329,-2
"14651",827,775,-36
"14652",509,492,-2
"14653",1253,1194,-7
"14654",971,783,-15
"14655",1234,1171,-4
"14656",757,653,-8
"14657",366,330,0
"14658",2845,2657,-24
"14659",1375,1281,-7
"14660",301,279,-3
"14661",429,412,-3
"14662",943,902,-4
"14663",965,818,-24
"14664",1149,1104,-3
"14665",134,114,-3
"14666",519,433,-7
"14667",527,494,-1
"14668",534,508,-4
"14669",958,925,-4
"14670",724,684,-2
"14671",985,937,-10
"14672",1271,1216,-5
"14674",589,572,-1
"14675",507,412,-13
"14676",429,367,-5
"14677",716,661,-3
"14678",687,616,-6
"14679",248,202,-2
"14680",410,386,-3
"14681",719,677,-4
"14682",486,417,-9
"14684",559,534,0
"14685",845,762,-7
"14686",898,861,-2
"14687",280,261,-3
"14688",400,367,0
"14689",486,364,-4
"14690",268,253,0
"14691",356,335,-6
"14692",897,804,-9
"14693",693,651,-2
"14694",529,473,-6
"14695",1713,1638,-1
"14696",614,587,-2
"14697",5555,5334,-12
"14698",582,537,-6
"14699",815,572,-33
"14700",1038,960,-5
"14701",1225,936,-9
"14702",712,677,-1
"14703",1135,1092,-3
"14704",2355,2257,-11
"14705",346,326,-1
"14706",315,279,-4
"14707",175,130,-5
"14708",537,505,0
"14709",374,332,-2
"14710",552,530,-2
"14711",1184,1095,-9
"14712",1150,928,-13
"14713",716,672,-5
"14714",1331,1252,-5
"14715",680,418,-14
"14716",721,690,-1
"14717",1516,1444,-10
"14718",544,521,0
"14719",618,563,-7
"14720",874,807,-1
"14721",801,756,-6
"14722",1020,972,-3
"14723",571,536,-3
"14724",1663,1407,-51
"14726",3095,2903,-18
"14727",766,686,-3
"14728",356,315,-8
"14729",1260,1222,-2
"14730",1207,1071,-8
"14731",519,451,-7
"14732",752,713,-5
"14733",658,600,-2
"14734",348,321,-2
"14735",2656,2535,-4
"14737",778,730,-7
"14738",1038,808,-12
"14739",901,693,-4
"14740",873,769,-9
"14741",355,329,-2
"14742",268,253,-1
"14743",1092,1052,-2
"14744",417,392,-2
"14745",643,581,-3
"14746",1289,1198,-7
"14747",552,506,-4
"14748",126,112,-1
"14749",679,638,-7
"14750",1275,1225,-4
"14751",892,808,0
"14752",575,353,-6
"14753",1225,1146,-11
"14754",905,629,-22
"14755",335,254,-5
"14756",982,944,-7
"14757",270,248,-1
"14758",378,329,-8
"14759",508,478,-1
"14760",1160,1085,-4
"14761",896,817,-4
"14762",2277,1556,-49
"14763",643,614,-1
"14764",1954,1826,-5
"27001",377,338,0
"27002",927,840,-1
"27003",1787,1557,-25
"27004",327,299,-2
"27005",1569,1433,-7
"27006",236,163,5
"27007",986,936,-1
"27008",867,645,-22
"27009",1684,1594,-3
"27010",602,572,-4
"27011",672,592,-6
"27012",655,615,-4
"27013",750,636,-4
"27014",544,472,-10
"27015",517,377,-11
"27016",3970,3525,-38
"27017",362,283,-10
"27018",1356,1247,-18
"27019",613,576,1
"27020",1215,1071,-14
"27021",817,774,-5
"27022",790,358,-7
"27023",155,86,-3
"27024",877,813,-2
"27025",1173,1058,-6
"27026",814,756,-8
"27027",487,438,5
"27028",296,257,1
"27031",736,665,-8
"27032",717,669,-3
"27033",512,478,-2
"27034",1098,1031,-5
"27035",469,444,-2
"27036",375,314,-4
"27037",1152,1045,-5
"27038",958,849,-2
"27039",882,796,-4
"27040",1394,1325,-8
"27041",1750,1638,2
"27042",273,261,-1
"27043",3424,3280,-11
"27044",1708,1628,-28
"27045",1099,1020,-6
"27046",692,664,-1
"27047",1544,1479,-12
"27048",720,676,0
"27049",1257,1179,1
"27050",1169,1059,0
"27051",3656,3390,-19
"27052",960,893,-3
"27053",134,103,-1
"27054",1713,1628,-14
"27055",938,898,-3
"27056",2413,1816,-38
"27057",783,743,-4
"27058",676,424,10
"27059",609,574,0
"27060",591,557,-2
"27061",754,717,-4
"27062",924,847,-4
"27063",868,844,-4
"27064",700,456,-29
"27065",2334,1954,-31
"27066",901,854,-5
"27067",1146,1043,-10
"27068",1170,1126,0
"27069",1293,1194,-4
"27070",1330,1257,-5
"27071",319,296,-5
"27072",1045,968,-6
"27073",547,469,-8
"27074",563,514,-4
"27075",1689,1592,-2
"27076",744,689,-6
"27077",439,383,-12
"27078",344,315,-4
"27079",812,761,-7
"27081",414,392,-2
"27082",397,273,-3
"27083",754,712,-12
"27084",424,394,-3
"27085",447,414,-8
"27088",790,756,-1
"27089",267,247,-5
"27090",1002,815,-11
"27091",957,855,-8
"27092",1210,1142,-10
"27093",338,305,0
"27094",695,673,-3
"27095",934,860,-13
"27096",2224,2142,-3
"27097",1283,1037,-26
"27098",436,416,-2
"27099",550,488,-9
"27100",718,612,-14
"27101",1178,1107,-3
"27102",1312,1202,-6
"27103",1242,1040,-54
"27104",531,463,1
"27105",1173,960,-24
"27106",702,659,-1
"27107",1101,1001,-6
"27108",1866,1705,-5
"27109",584,551,-2
"27110",883,825,-7
"27111",379,351,-2
"27112",2762,2474,-22
"27113",545,519,-4
"27114",1231,1002,-4
"27115",721,648,-2
"27116",1680,1323,-16
"27117",799,689,-1
"27118",721,659,-6
"27119",490,369,-4
"27120",535,477,0
"27121",776,730,-3
"27122",959,912,-3
"27123",789,738,-3
"27124",330,290,1
"27125",857,773,-3
"27126",1087,1012,-10
"27127",1046,981,-5
"27128",229,210,-2
"27129",1194,1111,-2
"27130",1333,1260,1
"27131",658,606,-4
"27132",1159,1089,-6
"27133",608,481,-10
"27134",331,309,-3
"27135",657,613,-3
"27136",642,601,-1
"27137",591,539,1
"27138",2115,2038,-1
"27139",1468,1419,-2
"27140",846,779,-4
"27141",234,222,-1
"27142",232,208,-2
"27143",260,250,0
"27144",1603,1548,-10
"27145",422,405,-3
"27146",502,464,-7
"27147",429,381,-15
"27148",1660,1584,3
"27149",410,397,-2
"27150",808,703,-1
"27151",1414,1260,-8
"27152",459,412,0
"27153",1084,1033,2
"27154",1846,1713,-4
"27155",293,276,1
"27234",337,188,30
"27156",2155,2053,1
"27157",1787,1690,-8
"27158",402,350,-6
"27159",1629,1517,5
"27160",775,741,-1
"27161",1776,1662,-7
"27162",798,751,-3
"27163",432,408,-4
"27164",1623,1537,-6
"27165",1668,1369,-35
"27166",1955,1818,-6
"27167",991,858,-11
"27168",415,359,-1
"27169",1076,980,-6
"27170",305,228,-7
"27171",1057,994,-6
"27172",1115,1057,-8
"27173",402,387,-1
"27174",1336,1207,-22
"27175",526,492,-3
"27176",788,764,-3
"27177",1538,1462,-7
"27179",1215,1128,-5
"27180",556,415,-15
"27181",911,840,-3
"27182",624,573,-2
"27183",1096,968,-7
"27184",248,232,0
"27185",638,595,-9
"27187",779,745,-2
"27188",1467,1280,-53
"27189",537,486,-3
"27190",394,363,-2
"27191",1513,1366,-6
"27192",780,698,-10
"27193",1052,944,-9
"27194",619,592,-6
"27195",1146,1113,-5
"27196",482,388,-4
"27197",561,529,1
"27198",1175,1021,-10
"27199",797,688,-1
"27200",290,275,-3
"27201",646,613,-1
"27202",1132,1076,-9
"27203",1133,1048,-12
"27204",588,559,-3
"27205",456,422,-1
"27206",1770,1690,-3
"27207",1204,1131,-4
"27208",478,456,0
"27209",1317,1254,-11
"27210",740,680,-3
"27211",674,575,-1
"27212",333,321,-1
"27213",1521,1437,-11
"27214",1321,1241,-10
"27215",559,525,-3
"27216",420,383,-3
"27217",1081,1013,-2
"27218",2631,2486,-45
"27219",436,390,-6
"27220",483,443,-3
"27221",1373,1318,-2
"27222",673,632,-1
"27223",668,633,-7
"27224",775,717,-4
"27225",1513,1452,-9
"27226",2043,1791,-20
"27227",1135,1055,-7
"27228",685,635,0
"27229",2642,1063,-44
"27230",894,665,-6
"27231",376,302,-1
"27232",763,733,-2
"27233",1034,944,-7
"27235",471,444,-4
"27237",405,382,0
"27238",1137,1039,-16
"27239",985,904,0
"27240",25,7,0
"27241",820,795,-8
"27242",3341,3174,-21
"27243",973,891,-6
"27244",808,765,-5
"27245",789,734,-5
"27246",378,282,-7
"27247",697,659,-4
"27248",610,584,-2
"27249",502,420,-5
"27250",404,319,-3
"27251",1323,1233,-4
"27252",1101,1055,-4
"27253",971,876,3
"27254",733,619,-10
"27255",675,639,0
"27256",762,708,-5
"27257",1094,1048,-7
"27258",929,864,-6
"27259",524,506,-2
"27260",1191,1127,2
"27261",821,774,-4
"27262",770,702,-3
"27263",1012,941,-6
"27264",589,566,-2
"27265",2420,2231,3
"27266",323,298,-4
"27267",817,763,-3
"27268",921,854,-8
"27269",611,586,-1
"27270",1065,1003,3
"27271",641,609,-5
"27273",390,336,-1
"27274",700,650,-31
"27275",1036,618,-14
"27276",868,831,0
"27277",696,643,-4
"27278",1055,817,-9
"27279",1293,1109,-7
"27280",782,695,-5
"27281",669,637,-8
"27282",613,562,-11
"27283",1622,1571,-3
"27284",1672,1192,-33
"27285",647,581,-3
"27286",618,576,-5
"27287",1095,1006,-18
"27288",734,655,-17
"27289",1437,1372,-2
"27290",1023,932,-9
"27291",1230,1190,-1
"27292",520,491,2
"27293",844,776,-8
"27294",400,358,-4
"27295",1411,1342,-2
"27296",812,775,3
"27297",1765,1687,4
"27298",807,762,-5
"27299",845,643,-20
"27300",1329,1236,-9
"27301",1641,1502,-11
"27302",1097,1003,-6
"27303",323,307,-3
"27304",603,554,-5
"27305",1140,1049,-5
"27306",1538,1222,-32
"27307",1072,1019,-5
"27308",815,781,-3
"27309",509,464,-8
"27310",987,942,-2
"27311",1525,1433,-6
"27392",439,411,0
"27312",496,431,-7
"27313",365,328,-8
"27315",1412,1362,-6
"27316",1489,1378,-2
"27317",760,713,-2
"27318",298,278,0
"27319",256,236,0
"27320",705,671,-6
"27321",333,316,-3
"27322",998,883,-9
"27323",1857,1793,-4
"27324",1130,1062,-2
"27325",298,280,-5
"27326",774,720,-2
"27327",200,178,-1
"27329",1564,1486,-7
"27330",376,322,-1
"27331",1190,1137,-7
"27332",932,784,-60
"27333",1077,1011,-4
"27334",419,403,-2
"27335",1431,1265,-15
"27336",308,266,-9
"27337",787,744,-3
"27338",1174,1097,-13
"27339",699,611,-10
"27340",943,848,-29
"27341",672,647,-1
"27342",684,652,-5
"27343",1173,1054,-8
"27344",257,244,0
"27345",431,380,-1
"27346",811,780,-2
"27347",654,482,-11
"27348",568,397,-32
"27349",1499,1418,-8
"27350",2090,1969,-7
"27351",703,593,-7
"27353",560,507,-4
"27354",872,802,7
"27355",778,596,-2
"27356",1034,985,-4
"27358",976,899,-1
"27359",1304,1272,-1
"27360",729,688,-1
"27361",796,764,-5
"27362",898,855,-1
"27363",310,245,-2
"27364",234,169,0
"27365",842,629,-12
"27366",410,385,-1
"27367",1833,1692,-27
"27368",616,573,-4
"27369",604,586,-1
"27370",1083,1022,-10
"27371",395,366,-4
"27372",1543,1477,-9
"27373",1233,1192,-4
"27374",1078,1005,-9
"27375",2708,2021,-33
"27376",525,495,-5
"27377",2712,2591,-21
"27378",2254,2079,-9
"27379",815,761,-1
"27380",716,683,-2
"27381",313,296,-6
"27382",306,279,-3
"27383",1179,1118,-2
"27384",739,689,-4
"27385",934,784,-7
"27386",243,168,-7
"27387",1454,1396,-8
"27388",2622,2379,19
"27389",853,798,-8
"27390",1971,1823,-12
"27391",1553,1368,-9
"27393",890,845,-10
"27394",843,764,-10
"27395",646,623,2
"27396",415,361,-3
"27397",583,469,-7
"27398",665,524,-13
"27399",355,337,-2
"27400",867,788,-6
"27401",358,337,0
"27402",477,461,-4
"27403",1042,1004,-8
"27404",730,704,2
"27405",571,550,-1
"27406",583,505,-2
"27407",982,939,-5
"27408",1279,1212,-9
"27410",813,730,-6
"27411",703,640,0
"27412",1017,926,-3
"27413",403,338,-5
"27414",1384,1268,-8
"27415",1569,1498,-1
"27416",2461,2320,-5
"27417",1738,1658,-8
"27418",488,471,-3
"27419",834,771,-8
"27420",377,354,0
"27421",1427,1354,-10
"27422",1533,1284,0
"27423",909,820,-4
"27424",1173,1113,-12
"27425",489,358,-1
"27426",906,739,-4
"27427",1741,1645,-2
"27428",990,700,-25
"27429",469,431,-3
"27430",511,470,-5
"27431",289,243,0
"27432",1460,1399,-14
"27433",560,536,-3
"27434",428,413,-2
"27435",470,446,-2
"27436",1014,954,-3
"27437",1293,1252,-3
"27438",732,577,-5
"27439",908,764,-13
"27440",1194,1041,6
"27441",172,163,-1
"27442",1368,1316,4
"27444",1104,1058,-4
"27445",538,511,-8
"27446",1415,1346,-3
"27447",615,564,-2
"27448",1351,1075,-22
"27449",884,837,-2
"27451",452,398,-11
"27452",446,408,-2
"27453",1129,997,-8
"27454",537,485,-4
"27455",875,840,-4
"27456",594,525,-8
"27457",1963,1862,-4
"27458",1098,906,-5
"27459",198,188,-1
"27460",652,622,0
"27462",401,381,0
"27463",1626,1526,-6
"27464",823,759,-10
"27465",1179,1120,-6
"27466",1144,1098,-3
"27467",959,484,-11
"27468",340,287,0
"27469",938,744,-7
"27470",697,597,6
"27471",343,273,1
"27472",944,899,-3
"27473",1222,1053,-10
"27474",535,172,-26
"27475",647,623,-3
"27476",598,558,-2
"27477",1019,893,1
"27478",804,713,-7
"27480",1405,1331,-11
"27481",1198,1099,0
"27482",169,155,-1
"27483",596,560,-5
"27484",433,417,-1
"27485",1035,796,4
"27486",1353,1284,-2
"27487",1581,1481,-2
"27488",630,603,-3
"27489",971,920,-5
"27490",392,365,-2
"27491",1524,1454,-2
"27492",1195,1135,-5
"27493",856,671,-16
"27495",586,528,-6
"27496",816,745,-4
"27497",1201,1094,-8
"27498",416,386,-3
"27499",1033,991,2
"27500",662,579,-12
"27501",250,224,-1
"27502",1414,1199,-7
"27503",446,405,-1
"27504",994,912,-13
"27505",750,717,-4
"27506",296,267,-5
"27507",1992,1682,-6
"27508",711,670,-3
"27510",849,755,4
"27511",1473,1389,-8
"27512",1403,1350,-2
"27513",595,569,-2
"27514",1406,1332,0
"27515",1120,1060,4
"27516",1522,1408,-2
"27517",1963,1665,-19
"27518",1236,1079,3
"27519",426,380,0
"27520",363,346,-3
"27521",1073,1032,2
"27522",906,855,-8
"27523",1166,1105,0
"27524",1085,1012,-10
"27525",269,243,-2
"27526",482,457,-2
"27527",660,634,-6
"27528",550,303,-14
"27529",292,249,-4
"27530",428,409,-3
"27531",391,356,-1
"27532",959,924,-4
"27533",1800,1714,-3
"27534",589,527,-8
"27535",234,182,-2
"27536",735,687,-4
"27537",166,112,-3
"27538",1134,1074,1
"27539",432,381,-7
"27540",418,368,-3
"27541",320,302,-2
"27542",1028,948,-13
"27543",498,391,0
"27544",530,507,-1
"27545",198,180,-2
"27546",343,321,-2
"27547",2232,2104,-6
"27548",550,446,-2
"27549",524,418,-12
"27550",906,861,-5
"27551",472,456,-1
"27552",839,804,0
"27553",469,428,-6
"27554",450,337,-56
"27555",329,303,-3
"27556",281,266,1
"27557",652,604,-4
"27558",330,314,-1
"27560",507,479,-2
"27561",558,497,-19
"27562",1002,657,-2
"27563",878,797,-5
"27564",1359,1276,-1
"27565",2329,2234,-13
"27566",536,519,-1
"27567",739,709,-3
"27568",1749,1675,-17
"27569",520,473,-11
"27570",349,336,-1
"27571",640,608,-6
"27572",156,137,-3
"27573",520,467,-3
"27574",941,892,-10
"27576",818,757,-8
"27577",1093,962,-66
"27578",963,870,-7
"27579",113,100,-1
"27580",638,483,-13
"27581",616,550,0
"27582",403,320,-7
"27584",419,396,-1
"27586",306,289,-1
"27587",1329,1203,-15
"27588",712,563,-5
"27589",649,558,3
"27590",1183,1129,-4
"27591",1760,1671,-8
"27592",690,660,-7
"27593",287,201,-15
"27594",618,580,-2
"27595",1023,943,-15
"27596",807,778,3
"27597",1224,1159,-7
"27598",447,300,-4
"27599",781,604,-3
"27600",407,368,-4
"27601",1773,1474,-4
"27602",1004,799,-45
"27603",755,715,-5
"27604",434,413,1
"27605",951,908,-8
"27606",384,347,-6
"27607",532,507,-3
"27608",585,537,-3
"27609",796,743,-4
"27610",690,672,1
"27611",657,623,-3
"27612",534,505,-3
"27613",659,620,-14
"27614",663,642,-2
"27615",431,369,0
"27616",357,230,-5
"27617",498,448,-4
"27618",1483,1414,-12
"27620",1017,975,-1
"27621",632,608,-3
"27622",1148,991,-7
"27623",443,406,-1
"27624",578,514,-5
"27625",412,384,-3
"27626",718,667,-13
"27627",414,384,-4
"27628",1496,1441,-3
"27629",796,657,-4
"27630",884,841,-3
"27631",365,335,-3
"27632",421,387,-6
"27633",159,131,-2
"27634",907,823,-2
"27635",310,270,-4
"27636",307,261,-14
"27637",377,341,-9
"27638",991,828,-21
"27639",274,239,-4
"27640",518,494,1
"27641",581,546,0
"27642",471,433,-2
"27643",1680,1530,-1
"27644",1221,1148,-2
"27645",251,240,-2
"27646",663,611,-6
"27647",1478,1172,7
"27648",1224,1166,-9
"27649",1069,1016,-1
"27650",805,762,-4
"27651",325,176,19
"27652",725,687,-6
"27653",1195,1116,-6
"27654",811,722,-13
"27655",1082,1013,-13
"27656",1189,1026,-17
"27657",357,338,-2
"27658",540,498,-6
"27659",298,286,-2
"27660",1133,1082,0
"27661",339,298,-4
"27662",956,903,-2
"27663",466,438,-1
"27664",1916,1831,-17
"27665",1241,1070,6
"27666",766,714,-7
"27667",539,500,-3
"27668",679,620,-1
"27669",588,559,-4
"27670",650,577,-6
"27671",492,471,-3
"27672",748,697,1
"27673",432,398,-2
"27674",288,255,-3
"27676",1495,1101,10
"27677",518,480,-4
"27678",2062,1963,-19
"27679",3191,2634,-11
"27680",1628,1567,-2
"27681",3426,2510,-58
"27682",1200,1133,-5
"27683",200,173,-2
"27684",1159,966,-24
"27685",1711,1564,-6
"27686",57,23,4
"27687",259,210,1
"27688",232,209,2
"27689",360,331,-3
"27690",632,597,-5
"27691",433,307,-3
"27692",685,657,-4
"27693",2159,1997,-14
"27694",444,410,-2
"27695",481,446,0
"27696",1468,1381,-9
"27697",389,290,-5
"27698",470,425,-5
"27699",173,161,-4
"27700",664,614,-8
"27701",2600,1605,-68
"50001",580,523,-7
"50002",657,374,-29
"50003",1294,923,-17
"50004",1016,933,-6
"50005",1021,961,-3
"50006",373,350,1
"50007",783,742,-3
"50008",218,186,-3
"50009",250,223,-4
"50010",583,560,-2
"50012",681,642,-2
"50013",609,552,-8
"50014",390,338,-6
"50015",854,772,-29
"50016",1335,1278,-7
"50018",1666,1582,-3
"50019",948,887,-4
"50020",441,408,-5
"50021",642,615,-5
"50022",252,229,-1
"50023",1895,1772,-23
"50024",791,762,-3
"50025",450,150,1
"50026",303,288,-1
"50027",1637,1528,-13
"50028",402,375,-1
"50029",3563,3374,-6
"50030",61,24,-1
"50031",1050,695,-25
"50032",776,691,-15
"50033",648,617,-5
"50034",380,335,-6
"50035",476,446,6
"50036",233,186,-3
"50037",584,547,-1
"50038",416,372,1
"50039",473,452,-1
"50040",915,878,-2
"50041",796,655,-11
"50042",1435,1309,-31
"50043",683,644,-2
"50044",572,532,-4
"50045",848,779,-9
"50046",1217,1151,-7
"50048",1745,1631,-6
"50049",1846,1742,-15
"50050",690,663,-2
"50051",207,198,0
"50052",439,413,-1
"50054",557,532,-3
"50055",302,286,-2
"50056",1271,1200,-5
"50057",887,821,-4
"50058",1190,990,-19
"50059",422,387,-4
"50060",938,880,-3
"50061",535,508,-5
"50062",384,363,-2
"50063",619,578,-5
"50064",639,606,-3
"50066",2175,1804,-31
"50069",767,719,-6
"50070",184,174,0
"50071",587,536,-2
"50072",324,300,-3
"50073",214,199,-3
"50074",2133,1904,-23
"50075",377,354,-2
"50076",1283,969,-16
"50077",581,492,-9
"50078",996,910,-6
"50079",861,815,-8
"50080",1375,1299,-9
"50081",684,549,-88
"50082",3300,2971,-23
"50083",823,764,-7
"50084",628,567,-10
"50085",1287,1153,-11
"50086",917,869,-2
"50087",3227,2980,-28
"50088",383,346,-1
"50089",1330,1251,2
"50090",1787,1701,-1
"50092",1710,1617,-5
"50093",738,678,-15
"50094",626,582,-4
"50095",639,549,-6
"50096",433,408,-3
"50097",543,515,-2
"50098",1090,1011,-9
"50099",1571,1194,-19
"50100",1025,953,-8
"50101",696,640,-7
"50102",424,310,-5
"50103",858,807,-4
"50105",464,442,-2
"50106",689,626,1
"50107",280,258,-5
"50108",854,797,-2
"50109",2626,2415,-20
"50110",2408,2278,-14
"50111",1705,1588,-6
"50112",1217,1152,-8
"50114",427,407,-3
"50115",565,532,-3
"50116",330,306,-4
"50117",429,375,-2
"50118",916,860,-7
"50119",932,895,-2
"50120",423,386,-4
"50121",525,490,-6
"50123",1513,1434,-7
"50124",464,436,-1
"50125",308,291,-3
"50126",374,357,-1
"50127",384,322,-3
"50128",1137,1086,0
"50129",1577,467,-26
"50130",964,905,-4
"50131",1106,1043,1
"50132",593,559,-4
"50133",448,413,-4
"50134",369,351,-1
"50135",641,606,-1
"50136",455,429,-1
"50137",1448,1326,-6
"50138",1136,1076,-6
"50139",2501,2141,-34
"50140",924,877,-5
"50142",1095,989,-26
"50143",879,769,-2
"50144",1738,1649,-3
"50145",1153,1067,-7
"50146",550,509,0
"50147",1261,775,-26
"50148",1512,1439,-4
"50149",868,769,-8
"50150",732,684,-3
"50151",2090,1834,-18
"50152",1002,952,-4
"50153",647,616,-3
"50154",1091,1031,-4
"50155",478,448,-1
"50156",412,397,-1
"50158",980,925,-5
"50159",992,918,-7
"50160",832,695,3
"50161",1477,1396,-4
"50162",937,813,-12
"50163",795,650,-5
"50164",1677,1552,-11
"50165",281,94,-2
"50166",1131,1076,-10
"50167",1520,1397,-17
"50168",1129,919,-29
"50169",526,494,-3
"50170",357,343,-1
"50171",232,223,0
"50172",536,491,-2
"50173",1293,753,-20
"50174",580,548,-2
"50175",493,465,-10
"50176",887,827,-8
"50177",745,687,-4
"50178",1182,1020,-8
"50179",350,327,-1
"50180",494,455,-3
"50181",831,777,-5
"50182",1245,1173,5
"50183",754,708,-5
"50184",777,546,-12
"50185",1273,1138,-7
"50186",488,453,-7
"50187",1146,1068,-10
"50188",1185,1071,-11
"50189",683,634,-2
"50190",824,752,-29
"50191",514,481,-3
"50192",340,317,-4
"50193",1019,974,-5
"50194",1404,1318,-7
"50195",1049,991,7
"50196",984,854,-10
"50197",2059,1891,-20
"50198",1694,1473,-8
"50199",697,618,-10
"50200",3992,3829,-19
"50202",1035,948,-5
"50203",1884,1507,-30
"50204",504,468,-5
"50205",369,344,-4
"50206",379,363,-3
"50207",658,627,-4
"50208",905,871,-2
"50209",1550,1408,-9
"50210",2287,1817,-9
"50211",285,247,-2
"50212",823,788,-2
"50213",850,791,-6
"50214",1119,1028,1
"50215",1329,1075,9
"50216",1845,1698,-24
"50217",1273,1194,-4
"50218",997,444,8
"50219",1077,1004,-8
"50220",1011,936,-9
"50221",265,252,0
"50222",1382,1298,-14
"50223",637,610,-1
"50224",2226,1989,-9
"50225",548,521,-1
"50227",386,341,-2
"50228",2995,2805,-4
"50229",251,231,-1
"50230",735,657,-4
"50231",332,229,-5
"50232",1179,1108,-7
"50233",428,409,-2
"50234",292,276,0
"50235",736,696,-8
"50236",525,405,-12
"50237",635,537,-7
"50238",1112,1055,-4
"50239",1358,1217,-13
"50240",600,556,-6
"50241",432,404,-2
"50242",297,258,-2
"50243",596,537,-11
"50244",281,260,-3
"50245",1483,1421,-5
"50246",404,387,-1
"50247",310,285,-2
"50248",1502,1432,-7
"50249",551,511,-3
"50250",453,425,-12
"50251",576,543,-3
"50252",1911,1793,-9
"50253",680,645,-4
"50254",1375,1317,-5
"50255",340,305,-4
"50256",7373,6788,-38
"50257",1026,915,-3
"50258",286,271,-2
"50259",1135,1039,-8
"50260",761,691,-3
"50261",712,682,-3
"50262",1519,1416,-5
"50263",1506,1432,-2
"50265",907,871,-3
"50266",1208,1136,-3
"50267",2280,1996,-32
"50268",774,721,-5
"50269",531,495,-3
"50270",529,478,0
"50271",365,347,-1
"50272",910,763,-9
"50273",1423,1334,-6
"50274",2033,1894,-9
"50275",537,509,-3
"50276",1259,1188,-5
"50277",417,351,-12
"50278",329,305,-2
"50279",1477,1391,-8
"50280",899,855,-5
"50281",1462,1363,-9
"50282",854,815,-1
"50283",196,184,-1
"50284",593,572,-1
"50285",974,918,-7
"50287",689,621,-7
"50288",674,567,-13
"50289",1991,1889,-12
"50290",891,830,0
"50291",470,420,-2
"50292",1044,869,-26
"50293",899,842,-5
"50294",1040,911,-14
"50295",548,520,-1
"50296",345,284,-3
"50297",1020,911,-6
"50298",1712,1632,-12
"50299",351,328,-5
"50300",688,649,-2
"50301",685,651,-6
"50302",285,260,-1
"50304",601,568,-3
"50305",1352,1276,-7
"50308",509,473,-5
"50310",350,329,-1
"50311",1050,998,-3
"50312",795,759,1
"50313",194,179,0
"50315",984,936,-5
"50316",568,533,3
"50317",467,439,-4
"50318",1171,1118,-1
"50319",405,365,-3
"50320",483,453,-4
"50321",480,432,-6
"50323",1185,1123,-1
"50324",287,273,-2
"50325",334,307,-4
"50326",1091,1037,-3
"50327",767,735,-1
"50328",2039,1938,-13
"50329",977,918,-4
"50330",800,767,-5
"50332",1747,1648,-13
"50333",813,764,-4
"50334",1172,1122,-1
"50335",1472,1392,-5
"50336",673,634,-3
"50337",1556,1491,-2
"50338",1425,1345,-3
"50339",684,642,-3
"50340",490,460,-2
"50341",589,465,-8
"50342",542,455,-6
"50343",1345,1286,-9
"50345",780,710,-8
"50347",749,701,-3
"50348",3057,2870,-47
"50349",956,805,-17
"50350",1725,1635,-7
"50351",389,373,-1
"50352",650,612,-3
"50353",401,373,-4
"50354",848,803,-18
"50355",598,540,-5
"50356",987,897,-7
"50357",437,418,-1
"50358",374,340,-10
"50359",744,602,-7
"50360",721,685,-4
"50361",459,428,-1
"50362",747,702,-5
"50363",2373,2239,-12
"50364",2011,1872,-11
"50365",742,694,-7
"50368",254,241,-1
"50369",1161,1070,-14
"50370",1621,1528,-10
"50371",225,182,-2
"50372",533,507,-1
"50373",471,446,-2
"50374",170,159,-1
"50375",349,308,-2
"50376",562,519,-4
"50378",2546,2429,-7
"50379",361,340,-2
"50380",287,271,-2
"50381",1780,1680,-7
"50382",384,349,-7
"50384",693,662,-1
"50385",623,518,-5
"50386",437,389,-3
"50387",939,887,-6
"50388",1262,1134,-21
"50389",1146,1080,-7
"50390",477,446,-1
"50391",1178,986,-1
"50393",3727,3476,-15
"50394",1463,1285,-13
"50395",725,677,-3
"50396",493,465,-2
"50397",930,884,-1
"50398",473,448,-2
"50399",669,638,-4
"50400",1931,1759,-12
"50401",1027,947,-3
"50402",1566,1311,-26
"50403",2927,2673,-16
"50404",903,864,-3
"50405",1501,1453,0
"50406",821,742,-4
"50407",1284,1113,-6
"50408",194,148,-7
"50409",1531,1378,-14
"50410",4335,3888,-44
"50411",678,588,-10
"50412",1971,1730,-17
"50413",786,717,-4
"50414",724,661,-5
"50415",1176,1122,-4
"50416",558,298,-5
"50417",1636,1475,-13
"50418",1274,1195,-9
"50419",1613,1477,-11
"50420",1730,1615,-9
"50421",466,406,-7
"50422",680,651,-4
"50423",415,372,-2
"50425",1740,1626,-10
"50426",1205,1130,-3
"50427",1177,1099,-11
"50428",2380,2271,-5
"50429",830,738,-6
"50430",230,223,0
"50431",960,886,-8
"50432",342,319,-7
"50433",1070,927,-9
"50434",765,717,-7
"50435",1021,946,-7
"50436",2946,2718,6
"50437",1233,1141,-5
"50438",678,634,-3
"50440",676,626,-3
"50441",583,551,-4
"50442",565,526,-1
"50443",1537,1448,-3
"50444",2943,2706,-33
"50445",1050,956,-16
"50446",728,669,-3
"50447",843,791,-7
"50448",2142,2000,-3
"50449",762,720,-1
"50450",690,645,-5
"50451",253,235,-3
"50452",1546,1459,-7
"50453",1162,1031,-7
"50454",363,334,-4
"50455",804,726,-9
"50456",3267,3136,-7
"50457",502,469,-4
"50458",1280,1169,-9
"50460",990,905,-10
"50461",568,534,0
"50462",2341,2238,-6
"50463",1693,1587,-7
"50464",1412,1321,-6
"50465",1199,1114,-5
"50467",846,789,-6
"50468",1556,1421,-18
"50469",501,459,-4
"50470",1404,1319,-10
"50471",383,342,-4
"50472",558,526,-3
"50473",906,855,-3
"50474",2082,1974,-8
"50475",909,821,-6
"50476",895,858,-4
"50477",647,597,-4
"50478",1389,1321,-6
"50479",591,556,-2
"50480",1404,1310,-10
"50481",1476,1281,-10
"50482",830,792,-3
"50483",791,698,-6
"50484",1011,732,-16
"50485",1003,828,-24
"50486",2168,2069,-11
"50487",1839,1597,-20
"50488",424,364,-10
"50489",901,836,-5
"50490",367,285,-26
"50491",763,709,-2
"50492",1344,1228,-14
"50493",1945,1800,-14
"50494",1411,1347,-3
"50495",367,352,-3
"50496",246,173,-3
"50497",1277,1141,-6
"50498",984,899,-5
"50499",1480,1396,-8
"50500",1668,1542,-10
"50502",2325,1394,-61
"50503",1096,979,-8
"50504",746,719,-4
"50505",649,579,3
"50506",402,360,-2
"50507",1368,1267,-8
"50508",485,468,-1
"50509",2755,2602,-23
"50510",1515,1428,-8
"50511",365,340,-1
"50512",1284,1209,-4
"50513",677,635,-3
"50514",1066,1010,-5
"50515",2001,1809,-13
"50516",652,460,-20
"50517",841,797,-5
"50518",1244,1185,-3
"50519",289,255,-4
"50520",214,196,-2
"50521",497,469,-2
"50522",760,720,-2
"50523",1779,1599,-14
"50524",435,413,-3
"50525",1446,1378,-5
"50528",817,771,-3
"50529",362,341,-2
"50531",1295,1204,-4
"50532",1476,1099,-26
"50533",569,539,-2
"50534",443,403,-8
"50535",871,810,-4
"50536",548,516,-4
"50537",404,364,-5
"50538",458,413,-3
"50539",815,690,-12
"50540",848,776,-9
"50541",1208,1082,-14
"50542",775,717,-4
"50543",1703,1530,-4
"50544",850,793,-3
"50545",1011,941,-9
"50546",636,559,-5
"50548",824,793,-3
"50549",535,488,-4
"50550",1666,1524,-12
"50551",3451,3120,-20
"50552",523,480,-3
"50553",1127,1056,-1
"50554",861,721,-8
"50556",507,454,-4
"50557",685,643,0
"50558",591,494,-7
"50562",652,473,-10
"50563",1596,1532,-5
"50564",2163,2061,-11
"50565",1161,1035,-17
"50567",2167,2044,-3
"50568",904,846,-5
"50569",1031,966,-3
"50570",1734,1641,-6
"50571",289,274,-1
"50572",731,696,-4
"50573",400,376,-2
"50574",928,870,0
"50575",770,714,-10
"50576",638,534,-4
"50577",1032,974,-6
"50578",247,235,-1
"50579",1107,977,-21
"50580",623,579,-8
"50581",1512,1427,0
"50582",3688,3399,-19
"50583",590,551,0
"50584",796,746,-5
"50585",1467,1307,-9
"50586",755,698,-3
"50587",219,210,0
"50588",1824,1727,-6
"50589",757,705,-6
"50590",1026,964,-4
"50591",3091,2892,-10
"50592",1606,1454,-14
"50593",2172,2066,-5
"50594",1280,1194,-15
"50595",1395,1312,-5
"50596",793,747,-6
"50597",1910,1812,-27
"50598",592,547,-3
"50599",1252,1105,-34
"50600",385,342,-2
"50601",304,167,-2
"50602",1489,746,-30
"50603",749,671,-7
"50604",1304,1209,-10
"50605",1188,1105,-10
"50606",1002,926,-9
"50607",921,848,-6
"50608",768,716,-8
"50609",526,503,-1
"50610",521,488,-2
"50611",1160,1006,-14
"50612",874,787,-7
"50613",653,599,-5
"50614",406,379,-3
"50615",1583,1155,-50
"50616",1129,906,-10
"50617",2145,2069,-9
"50618",422,390,-2
"50619",1314,1248,-5
"50620",1686,1600,-12
"50621",305,291,-1
"50622",606,557,-5
"50623",1668,1591,-6
"50624",511,467,-3
"50625",1576,1500,-9
"50626",1385,1306,-7
"50627",779,741,-1
"50628",596,567,-7
"50629",2249,2157,-27
"50630",1279,1213,-3
"50631",1735,1618,-22
"50633",478,455,-2
"50634",255,241,-1
"50635",444,423,-1
"50636",412,391,0
"50637",577,538,-4
"50638",1091,1040,-3
"50639",794,527,-9
"50640",802,769,1
"50641",870,803,-9
"50642",826,785,-1
"50643",826,744,-8
"50644",1723,1553,-13
"50646",2097,1990,-10
"50647",218,128,-8
"50648",1222,1112,-8
"61001",1079,203,-23
"61002",2038,1941,-2
"61003",1240,1192,-4
"61004",481,456,-2
"61005",1091,1042,-4
"61006",1843,1174,-31
"61007",3279,3012,-29
"61008",573,468,0
"61009",967,907,5
"61010",685,657,-2
"61011",393,359,-3
"61012",221,201,-1
"61013",856,817,0
"61014",676,625,1
"61015",1820,1741,-3
"61016",628,598,0
"61017",438,410,5
"61018",1215,1193,-3
"61019",713,686,2
"61020",953,911,-1
"61021",551,527,-1
"61023",1692,1613,-11
"61024",1300,1236,-3
"61025",2226,2131,-3
"61026",761,712,-3
"61027",900,857,-3
"61028",2896,2811,-4
"61029",2150,2029,-8
"61030",271,250,-3
"61031",1036,990,-4
"61032",1298,1232,3
"61033",856,821,-2
"61034",1809,1744,-5
"61035",1273,1214,-5
"61036",1427,1368,3
"61037",1587,1541,-8
"61038",172,73,-2
"61039",1376,1340,-3
"61040",3901,3711,-8
"61041",968,935,-3
"61042",1516,1431,0
"61043",1146,1057,-9
"61044",895,838,-4
"61045",412,395,-1
"61046",917,882,-2
"61047",1036,997,-3
"61048",240,217,1
"61049",719,692,-4
"61050",2232,2157,-5
"61051",1351,1300,-1
"61052",547,510,-2
"61053",760,719,-3
"61054",1285,1240,-2
"61055",2042,1946,2
"61056",1791,1731,-1
"61057",931,885,-5
"61058",377,351,-1
"61059",588,559,-7
"61060",301,281,2
"61061",4040,3833,-30
"61062",520,478,-3
"61063",1724,1545,-8
"61064",1046,1011,2
"61065",1385,1336,0
"61066",578,546,-2
"61067",960,922,0
"61068",1068,1011,6
"61069",592,548,0
"61070",1517,1394,-15
"61071",1027,979,1
"61072",821,774,0
"61073",1615,1533,-6
"61074",852,776,-3
"61075",4167,3944,-15
"61076",1343,1290,-6
"61077",443,307,-5
"61078",1344,1264,-11
"61079",5987,5732,-15
"61080",759,734,-5
"61081",1169,985,-16
"61082",636,611,0
"61083",837,787,2
"61084",901,869,0
"61085",412,377,-1
"61086",968,938,0
"61087",950,902,9
"61088",513,501,0
"61089",708,684,-1
"61090",492,473,-1
"61091",4512,4347,-51
"61092",1383,1293,-3
"61093",1569,1450,0
"61094",544,492,-5
"61095",648,599,-4
"61096",1571,1406,-10
"61097",844,766,0
"61098",986,933,-3
"61099",1126,1078,-3
"61100",1179,1134,-3
"61101",1064,1001,1
"61102",835,780,1
"61103",1956,1874,-1
"61104",511,490,0
"61105",1097,1048,-1
"61106",898,853,1
"61107",1809,1720,-1
"61108",1460,1416,-4
"61109",331,313,-1
"61110",1306,1242,4
"61111",1226,1164,-1
"61112",1444,1385,-6
"61113",437,422,0
"61114",638,602,-1
"61115",1543,1467,-3
"61116",1775,1628,-7
"61117",847,671,-47
"61118",849,818,-1
"61120",847,818,1
"61121",1728,1670,1
"61122",671,621,0
"61123",615,577,1
"61124",1405,1335,-11
"61125",1961,1878,-4
"61126",972,874,-4
"61127",500,472,-1
"61128",1492,1441,-5
"61129",1058,1006,0
"61130",1802,1702,0
"61131",953,920,-1
"61133",2028,1912,-1
"61135",1066,973,-7
"61136",1794,1742,0
"61137",815,784,-5
"61138",1141,1045,8
"61139",1348,1286,-8
"61140",2280,2145,-10
"61141",892,831,-3
"61142",1332,1295,-6
"61143",488,300,1
"61144",1469,1411,-2
"61145",3529,3191,-29
"61146",865,812,-7
"61147",1483,1405,-12
"61148",966,923,-10
"61149",562,524,-2
"61150",3323,3139,10
"61151",958,901,-2
"61152",981,945,-3
"61153",528,430,-8
"61154",1427,1389,-10
"61155",963,915,-4
"61156",1603,1516,-3
"61157",1055,995,3
"61158",1059,1016,0
"61159",850,822,-2
"61160",2034,1968,-8
"61161",708,673,-3
"61162",2266,2203,-8
"61163",1116,974,-4
"61164",1384,1329,-5
"61165",1082,1000,-6
"61166",1463,1409,-1
"61167",771,707,-4
"61168",2734,2288,-10
"61169",2146,1480,-60
"61170",1202,1155,-17
"61171",594,569,-2
"61172",1879,1813,0
"61173",662,618,-33
"61174",1118,1065,1
"61175",501,440,-1
"61176",956,921,-2
"61177",1331,1242,-14
"61178",506,494,-3
"61179",1206,1149,-5
"61180",676,650,-1
"61181",652,513,-17
"61182",1494,1420,-7
"61183",1009,974,-2
"61184",2176,2099,-2
"61185",647,617,-4
"61186",844,799,-1
"61187",652,602,0
"61188",1345,1302,2
"61189",1274,1202,1
"61190",935,875,-4
"61191",1266,1185,11
"61192",627,591,5
"61193",1301,1253,1
"61194",942,879,-19
"61195",1227,1174,-4
"61196",1903,1803,-12
"61197",715,686,0
"61198",865,835,-5
"61199",1178,1130,1
"61200",265,229,2
"61201",1964,1852,-8
"61202",699,630,-16
"61203",1288,1186,-2
"61204",831,786,-4
"61205",1579,1517,-2
"61206",1606,1525,0
"61207",2792,2677,-5
"61208",1509,1415,0
"61209",2130,2025,-5
"61210",1469,1413,0
"61211",2220,2085,-10
"61212",332,314,-1
"61213",1337,1275,-2
"61214",1842,1407,-7
"61215",1147,1086,-1
"61216",2857,2794,-22
"61217",498,479,-1
"61218",649,512,-8
"61219",542,520,-2
"61220",1586,1519,-6
"61221",542,495,-19
"61222",1090,1006,-5
"61223",841,795,-3
"61224",567,515,6
"61225",540,525,1
"61226",530,501,2
"61227",768,740,-2
"61228",1250,1211,-6
"61229",523,497,-1
"61230",3965,3746,-9
"61231",445,427,-1
"61232",5318,5086,-7
"61233",1266,1217,-4
"61234",616,504,-8
"61235",634,601,-3
"61236",417,400,-2
"61237",1383,1319,-1
"61238",624,601,-1
"61239",614,589,0
"61240",1443,1331,-13
"61241",1288,1219,-8
"61242",2558,2465,-12
"61243",3384,3155,-14
"61244",1977,1899,-2
"61245",563,538,-1
"61246",2179,2051,-15
"61247",488,457,3
"61248",2920,2787,-11
"61249",1088,1025,-3
"61250",2189,2063,-6
"61251",883,846,-7
"61252",1278,1231,-1
"61253",966,924,-3
"61255",1453,1371,0
"61256",440,401,4
"61257",383,359,-1
"61258",62,24,1
"61259",745,722,-1
"61260",2152,2056,-11
"61261",347,315,-14
"61262",627,602,-3
"61263",1112,1066,2
"61264",524,490,0
"61265",930,891,-2
"61266",281,267,-1
"61267",659,628,-1
"61268",1040,1009,-4
"61269",1083,1010,-6
"61270",711,676,-2
"61271",546,523,-1
"61272",384,371,0
"61273",365,352,-2
"61274",1184,1142,-5
"61275",1931,1799,-4
"61276",599,569,1
"61277",1221,1157,-7
"61278",1334,1157,-2
"61279",1029,945,0
"61280",312,292,1
"61281",783,747,-1
"61282",1574,1495,-4
"61283",1111,1060,-3
"61284",1103,1050,1
"61285",1406,1341,-4
"61286",1119,1084,-2
"61287",1121,1043,-14
"61288",1289,1218,-5
"61289",373,357,-1
"61290",782,755,-1
"61291",971,941,0
"61292",1069,997,-7
"61293",866,637,-2
"61294",2373,2211,-5
"61295",948,900,-1
"61296",3341,3194,-47
"61297",1317,1230,-5
"61298",922,860,-6
"61299",2219,2124,-15
"61300",3381,3251,-15
"61301",1142,1029,-5
"61302",1401,1359,1
"61303",785,714,-20
"61304",598,571,-1
"61305",2167,2031,-5
"61306",1453,1371,-1
"61307",1559,1503,-4
"61308",1558,1486,10
"61309",2101,1997,-15
"61310",1838,1717,0
"61311",747,720,-1
"61313",351,336,-1
"61314",1565,1491,-11
"61315",944,910,2
"61316",571,546,0
"61317",1220,1173,-1
"61318",457,438,-1
"61319",1432,1382,-2
"61320",722,697,0
"61321",760,698,-3
"61322",310,292,0
"61323",943,912,-1
"61324",1695,1584,-6
"61325",1617,1556,-7
"61326",442,408,-2
"61327",2856,2760,-1
"61328",870,808,-2
"61329",1585,1513,-5
"61330",1256,1203,-2
"61331",824,790,4
"61332",760,711,-3
"61333",480,452,-1
"61335",788,731,-4
"61336",682,655,-1
"61337",2355,2264,-2
"61338",1064,999,-2
"61339",1014,891,-1
"61340",935,891,-3
"61341",1959,1836,-5
"61342",1614,1440,4
"61343",1128,1044,0
"61344",3429,3268,-11
"61345",2103,1962,-7
"61346",1451,1400,-3
"61347",506,484,-2
"61348",1190,1133,-3
"61349",747,714,-14
"61350",520,492,0
"61351",819,790,-1
"61352",539,511,-18
"61353",666,629,-1
"61354",507,459,-2
"61355",1054,1006,-2
"61356",1175,1088,-3
"61357",981,914,-1
"61358",510,476,-1
"61359",527,496,3
"61360",664,631,2
"61361",1224,1184,-4
"61362",1523,1448,-8
"61363",608,587,-1
"61364",978,934,-3
"61365",1132,1074,-3
"61366",1176,1138,-2
"61367",1027,989,0
"61368",404,387,1
"61369",3145,2993,-10
"61370",461,434,1
"61371",950,911,0
"61372",385,355,-2
"61373",1276,1225,-1
"61374",647,625,-2
"61375",1243,1183,-5
"61376",1191,1121,-11
"61377",1188,1121,-5
"61378",381,357,0
"61379",1887,1821,-6
"61380",590,567,-2
"61381",467,448,1
"61382",1379,1251,-6
"61383",885,855,-2
"61384",1387,1333,1
"61385",2250,2161,-13
"61386",3449,3322,-18
"61387",2895,2739,-13
"61388",844,814,-4
"61389",2122,1974,2
"61390",941,898,1
"61391",729,508,-8
"61392",856,826,-1
"61393",1223,1167,-9
"61394",2619,2501,-7
"61395",1049,1007,-5
"61396",390,371,1
"61397",747,539,-7
"61398",325,309,4
"61399",879,855,-1
"61400",1137,1059,0
"61401",593,562,3
"61402",1377,1315,-5
"61403",885,856,-2
"61404",2256,2105,-9
"61405",1532,1461,-3
"61406",666,624,-4
"61407",1461,1336,27
"61408",1484,1421,-6
"61409",935,903,-5
"61410",994,952,-1
"61411",1790,1736,-6
"61412",1625,1509,-11
"61413",776,748,2
"61414",1279,1115,-12
"61415",1329,1254,-14
"61416",1348,1318,-1
"61417",1044,981,-11
"61418",1920,1835,-3
"61419",871,818,7
"61420",555,527,6
"61421",2544,2412,-5
"61422",2335,2227,-7
"61423",1208,1118,-4
"61424",1124,1065,-4
"61425",466,441,1
"61426",1606,1461,-25
"61427",1479,1428,-3
"61428",1091,1001,-7
"61429",1608,1519,-5
"61430",447,427,-1
"61431",645,597,-6
"61432",887,811,-5
"61433",2539,2457,-7
"61434",718,688,2
"61435",1627,1571,0
"61436",855,812,-6
"61437",613,598,-4
"61438",1015,966,0
"61439",973,930,-2
"61440",1434,1329,-10
"61441",525,508,-1
"61442",2064,1985,-9
"61443",792,728,-6
"61444",587,539,-4
"61445",623,558,2
"61446",994,957,0
"61447",943,824,0
"61448",640,596,-5
"61449",948,913,0
"61450",643,622,-2
"61451",896,849,-8
"61452",1231,1176,-3
"61453",1159,1112,-1
"61454",1423,1342,0
"61455",1630,1549,-3
"61456",2860,2621,-17
"61457",1617,1538,0
"61458",1242,1187,1
"61459",818,772,-1
"61460",2271,2162,3
"61461",951,906,0
"61462",1084,998,-27
"61463",2665,2552,-26
"61464",4049,3576,-16
"61465",680,635,-5
"61466",817,706,-20
"61467",1429,1328,-2
"61468",776,746,-13
"61469",862,797,1
"61470",619,585,0
"61471",1519,1441,-12
"61472",770,722,-3
"61473",821,779,-5
"61474",4020,3904,-48
"61475",1988,1871,0
"61476",1743,1685,-4
"61477",1327,1285,3
"61478",563,534,-1
"61479",628,591,0
"61480",1325,1270,-2
"61481",551,528,1
"61482",522,480,1
"61483",949,722,-8
"61484",952,783,-7
"61485",999,945,-2
"61486",2638,2397,-6
"61487",1474,1402,-5
"61488",981,945,-1
"61489",249,232,1
"61490",1253,1197,-5
"61491",2424,2206,-13
"61492",644,621,-2
"61493",1130,1096,-2
"61494",914,818,-6
"61496",702,582,8
"61497",1431,1195,-31
"61498",767,734,0
"61499",2096,2034,-9
"61500",715,665,1
"61501",1782,1722,-7
"61502",160,145,-1
"61503",975,928,-2
"61504",1299,1256,1
"61505",473,440,0
"61506",1117,1055,0
"61507",1318,1256,-3
"61508",1604,1341,2
"61509",1173,1075,3
"61510",1143,1100,-1
"61511",1349,1263,-14
"61512",581,551,-1
"61513",1034,999,-3
"76001",1503,1400,-10
"76002",669,626,-6
"76004",527,480,-3
"76005",390,176,-7
"76006",455,438,-4
"76007",470,427,-4
"76008",1253,1184,-7
"76009",354,329,-2
"76010",1168,1120,-10
"76011",317,291,-2
"76012",457,433,-3
"76013",1019,935,-13
"76014",990,923,-9
"76015",697,642,-6
"76016",358,342,-2
"76017",429,392,-8
"76018",1372,1269,-8
"76019",549,506,-15
"76020",2055,1439,-37
"76021",586,545,-4
"76022",418,393,-1
"76023",427,403,-2
"76024",1041,1009,-1
"76025",711,674,-7
"76026",1482,1287,-30
"76027",602,571,-5
"76028",490,474,-2
"76029",843,815,-5
"76030",499,464,-5
"76031",476,437,-2
"76032",304,284,0
"76033",501,465,-2
"76034",1132,1024,-10
"76035",899,731,-11
"76036",731,681,-6
"76037",636,609,0
"76038",516,491,-4
"76039",453,375,-15
"76040",408,386,-7
"76041",378,336,-5
"76042",486,465,-1
"76043",476,421,-11
"76044",612,580,0
"76045",568,535,-1
"76046",794,745,-8
"76047",312,292,-1
"76048",1194,1145,-1
"76049",1666,1619,-3
"76050",546,476,-6
"76051",1220,1103,-11
"76052",1319,1277,-8
"76053",875,847,-4
"76054",2043,1977,-4
"76055",539,486,-2
"76056",848,699,-3
"76057",1274,800,-53
"76058",807,778,-1
"76059",716,683,-6
"76060",1305,1239,-5
"76062",572,546,-5
"76063",1530,1473,-1
"76064",288,261,-2
"76065",1851,1784,0
"76066",351,321,-24
"76067",3375,3277,-18
"76068",1210,1139,-3
"76069",660,479,-24
"76070",1286,1226,-7
"76071",759,712,-3
"76072",450,413,-7
"76073",316,278,-11
"76074",457,439,0
"76075",310,276,-3
"76076",443,424,-2
"76077",550,528,-1
"76078",457,435,-2
"76079",295,270,0
"76080",753,698,-2
"76081",556,467,-9
"76082",668,626,-4
"76083",241,231,0
"76084",325,314,-1
"76085",662,614,-2
"76086",478,456,0
"76087",680,638,-11
"76088",701,475,-20
"76089",854,810,-4
"76090",626,561,-8
"76091",647,611,-1
"76092",568,526,0
"76093",1769,1719,-14
"76094",215,193,-2
"76095",252,41,-3
"76096",695,623,-6
"76097",225,209,0
"76098",538,487,-7
"76099",997,951,-9
"76100",1478,1385,-12
"76101",1748,1468,-15
"76103",375,178,-2
"76104",707,667,-5
"76105",861,807,-2
"76106",710,667,-3
"76107",805,778,-5
"76108",887,393,-50
"76109",654,631,-2
"76110",586,559,-5
"76111",734,696,-3
"76112",502,475,-6
"76113",664,635,-5
"76114",1232,862,-27
"76115",988,900,-5
"76116",1413,1171,-28
"76117",1023,956,-4
"76118",415,390,0
"76119",345,325,-1
"76120",1200,1160,-4
"76121",622,595,-1
"76122",1723,1622,-9
"76123",1042,943,-3
"76124",561,532,-7
"76125",1059,954,-6
"76126",937,883,-3
"76127",1425,1363,-5
"76128",877,820,-3
"76129",467,447,-3
"76130",798,767,-5
"76131",125,65,0
"76132",536,500,-6
"76133",1475,1408,-6
"76134",665,631,-3
"76135",1255,1173,-43
"76136",1112,1046,-6
"76137",483,433,-5
"76138",846,813,-4
"76139",410,393,-1
"76140",324,305,-6
"76141",1393,1292,-12
"76142",1723,1643,-6
"76143",1144,1037,-8
"76144",404,382,-1
"76145",396,379,-1
"76146",369,298,-10
"76147",1965,1877,-7
"76148",1092,1046,-2
"76149",553,524,-1
"76151",507,479,-5
"76152",548,511,-4
"76153",563,538,-2
"76154",1246,1198,-9
"76155",620,589,-7
"76156",451,421,-3
"76157",1764,1291,-7
"76158",584,553,-5
"76159",1362,1159,-6
"76160",436,412,-2
"76161",529,510,-1
"76162",392,372,-4
"76163",591,544,-3
"76164",498,351,-2
"76165",366,83,-17
"76166",1681,1623,-11
"76167",1133,1045,-12
"76168",514,498,-4
"76169",2947,2596,-9
"76170",306,290,-2
"76171",788,771,-3
"76172",442,406,-4
"76173",810,780,-11
"76174",511,481,-5
"76175",1255,1209,-3
"76176",318,273,-2
"76177",941,905,0
"76178",652,316,-17
"76179",1147,1027,-2
"76180",412,391,-1
"76181",544,516,-2
"76182",748,711,-1
"76183",741,653,-6
"76184",200,185,-1
"76185",645,622,-1
"76186",1381,1323,-8
"76187",439,413,-1
"76188",790,730,-13
"76189",322,301,-3
"76190",531,503,-2
"76191",437,414,-3
"76192",2103,1821,-10
"76193",1024,988,-4
"76194",211,186,-4
"76195",416,394,-3
"76196",1368,1234,-22
"76197",741,688,-6
"76198",589,535,-12
"76199",2276,2180,-5
"76200",702,657,-2
"76201",375,333,-6
"76202",1119,1078,-14
"76203",871,821,-14
"76204",488,466,-3
"76205",351,322,0
"76206",454,428,-2
"76207",1116,1082,-3
"76208",968,911,-7
"76209",1285,1226,-6
"76210",394,356,-4
"76211",1837,1783,-3
"76212",491,271,-7
"76213",779,738,0
"76214",266,245,-3
"76215",502,460,-6
"76216",316,71,-6
"76217",1183,279,-19
"76218",401,385,-2
"76219",1457,1282,-10
"76220",1804,1739,-4
"76221",646,615,-3
"76222",1013,740,-4
"76223",753,683,-17
"76224",1299,1214,-8
"76225",939,894,0
"76226",191,179,-3
"76227",503,456,-16
"76228",505,465,-8
"76229",1090,1035,-9
"76230",599,562,-4
"76231",1634,1242,-13
"76232",695,645,-3
"76233",437,401,-1
"76234",642,600,-9
"76235",1440,1303,-9
"76236",624,585,0
"76237",666,637,-1
"76238",561,413,-11
"76239",689,577,4
"76240",650,571,-6
"76241",372,347,-5
"76242",756,726,-3
"76243",407,388,-3
"76244",1015,935,-5
"76245",506,419,-19
"76247",532,500,-2
"76248",841,791,-6
"76249",1054,985,-5
"76250",835,738,-8
"76251",362,334,-4
"76252",462,385,-8
"76253",1174,1110,-15
"76254",415,286,-1
"76255",1797,1426,-10
"76257",1214,1162,-4
"76258",817,676,-9
"76259",1505,970,-20
"76260",1582,1418,-11
"76261",1911,1828,-6
"76262",886,829,-4
"76263",3983,3836,-28
"76264",453,415,-22
"76265",1233,1160,-3
"76266",496,457,-6
"76267",505,489,-2
"76268",1199,1167,-1
"76269",606,581,-1
"76270",639,491,-21
"76271",1228,1135,-10
"76272",542,430,-9
"76273",356,318,-4
"76274",398,388,-2
"76275",562,493,-14
"76276",522,334,-6
"76277",1026,957,-9
"76278",734,659,-5
"76279",427,392,-4
"76280",535,512,-1
"76281",1002,892,-19
"76282",326,212,-8
"76283",1090,1059,-2
"76284",509,487,-2
"76285",698,658,-5
"76286",1319,1251,-8
"76287",1345,1249,-34
"76288",1120,1087,-8
"76289",582,541,-9
"76290",816,772,-17
"76291",594,523,-8
"76292",793,770,-5
"76293",373,347,-4
"76294",787,743,-5
"76295",2650,2517,-5
"76296",462,351,-28
"76297",1263,1218,-1
"76298",400,365,-1
"76299",493,459,-4
"76300",306,280,-1
"76301",455,438,-4
"76302",802,670,-38
"76303",749,680,-2
"76304",421,393,-4
"76305",2656,1038,-185
"76306",234,219,-3
"76307",730,656,-10
"76308",863,813,-3
"76309",489,467,-2
"76310",432,416,-2
"76311",413,387,-2
"76312",1043,768,-11
"76313",505,418,-4
"76314",648,608,-6
"76315",1853,1747,-5
"76316",545,516,0
"76317",635,584,-2
"76318",494,454,-6
"76319",1693,969,-39
"76320",2258,2190,-5
"76321",2486,2361,-10
"76322",1100,186,-11
"76323",397,376,-1
"76324",325,275,-5
"76325",832,775,-33
"76326",409,394,-1
"76327",299,266,-3
"76328",739,701,-16
"76329",1425,1260,-17
"76330",260,210,-4
"76331",319,281,-4
"76332",1139,1093,-13
"76333",1249,1201,-7
"76334",608,556,-2
"76335",301,283,-1
"76336",448,413,-5
"76337",788,755,-10
"76338",372,352,-3
"76339",430,405,-1
"76340",765,717,-10
"76341",422,140,-5
"76342",934,882,-6
"76343",1018,977,-2
"76344",2986,2826,-1
"76345",1322,1270,-3
"76346",736,696,-3
"76347",611,579,-2
"76348",856,808,-4
"76349",953,793,-10
"76350",214,162,-5
"76351",5205,814,-54
"76352",671,637,-4
"76353",399,380,-1
"76354",1076,925,-5
"76355",1083,1002,-5
"76356",469,454,-1
"76357",383,357,-1
"76358",1087,1048,-1
"76359",676,654,-2
"76360",1342,1274,-8
"76361",521,481,-6
"76362",727,561,-2
"76363",880,795,-8
"76364",1159,1123,-6
"76365",588,569,-8
"76366",297,174,-2
"76367",2091,1944,-20
"76368",410,390,-3
"76369",807,756,-18
"76370",953,908,-6
"76371",402,393,-1
"76372",1468,1388,-6
"76373",525,499,0
"76374",786,642,3
"76375",786,745,-6
"76376",474,452,-4
"76377",808,649,-47
"76378",1911,1540,-56
"76379",724,696,1
"76380",884,843,-4
"76381",715,695,-1
"76382",517,457,-11
"76383",166,158,-1
"76384",1467,823,-22
"76385",1500,1394,-4
"76386",425,397,-6
"76387",464,437,-2
"76388",807,771,-4
"76389",288,264,-1
"76390",1498,1400,-3
"76391",3095,2853,-10
"76392",1877,1763,-13
"76393",400,385,-1
"76394",536,475,-4
"76395",1170,1095,-6
"76396",541,513,-3
"76397",383,331,-3
"76398",761,714,-5
"76399",959,926,-5
"76400",516,391,-14
"76401",4496,4223,-3
"76402",931,716,-18
"76403",306,287,-5
"76404",836,767,-12
"76405",434,394,-16
"76406",260,240,-5
"76407",637,598,-7
"76408",886,834,-6
"76409",421,387,-6
"76410",414,194,-4
"76411",1323,1270,2
"76412",762,703,-8
"76413",518,478,-4
"76414",960,801,-12
"76415",1125,1086,-2
"76416",410,386,-3
"76417",510,469,-5
"76418",1439,1335,-10
"76419",1014,949,-1
"76420",1275,1156,26
"76421",632,580,-11
"76422",909,880,-4
"76423",1273,1225,-1
"76424",531,465,-1
"76425",311,295,-4
"76426",1071,1040,-1
"76427",1509,1429,-12
"76428",133,127,-2
"76429",522,216,-8
"76430",753,734,-2
"76431",587,567,-2
"76432",838,800,1
"76433",1191,1137,-54
"76434",662,595,-10
"76435",551,511,-6
"76436",673,418,-13
"76437",676,631,-3
"76438",794,768,-3
"76439",541,504,-2
"76440",468,450,-1
"76441",1017,944,-10
"76442",908,867,-6
"76443",915,863,-6
"76444",347,334,-1
"76445",1180,1120,-5
"76446",789,698,-7
"76447",1906,1280,-33
"76448",607,525,-14
"76449",939,900,-5
"76450",1085,1052,-4
"76451",796,235,-24
"76452",1078,864,-10
"76453",661,597,-9
"76454",896,849,-5
"76455",513,484,-1
"76456",869,798,-30
"76457",348,259,-8
"76458",714,665,-5
"76459",1575,1509,2
"76460",910,825,-5
"76461",517,486,-4
"76462",1100,822,-18
"76463",1796,1713,-3
"76464",2217,2052,-15
"76465",1305,1235,-4
"76467",923,838,-32
"76468",608,513,-11
"76469",1000,949,-9
"76470",930,864,-2
"76471",1200,1082,-9
"76472",1322,1274,-3
"76473",991,842,-9
"76474",639,415,-9
"76475",857,562,-22
"76476",1873,1070,-70
"76477",402,369,-2
"76478",301,288,-3
"76479",576,559,-1
"76480",906,849,-2
"76481",2103,1722,-75
"76482",1737,1515,-11
"76483",451,414,-3
"76484",2220,1423,-11
"76485",288,260,0
"76486",958,850,0
"76487",1626,1562,-1
"76488",711,669,-5
"76489",1073,649,3
"76490",1023,935,-16
"76491",743,699,-6
"76492",653,591,1
"76493",1110,882,-13
"76494",584,547,-4
"76495",1430,1201,-36
"76496",470,358,-3
"76497",1279,600,-5
"76498",434,18,1
"76499",1683,1461,-11
"76500",963,921,-3
"76501",232,216,-2
"76502",395,367,-5
"76503",1132,1028,-9
"76504",407,390,0
"76505",532,515,0
"76506",765,731,-7
"76507",590,485,-4
"76508",584,547,-3
"76509",1917,1816,-19
"76510",479,461,-3
"76511",916,886,-4
"76512",493,483,0
"76513",1078,980,0
"76514",473,421,-2
"76515",339,274,-5
"76516",403,359,-2
"76517",2063,1848,-23
"76518",687,630,-4
"76519",258,247,-1
"76520",1158,1104,-4
"76521",372,355,0
"76522",708,642,-7
"76523",566,545,-3
"76524",443,424,-3
"76525",420,390,-1
"76526",568,554,-5
"76527",1075,1028,-2
"76528",702,657,-7
"76529",752,714,-4
"76530",248,231,-5
"76531",536,511,-2
"76532",1237,1159,-6
"76533",1029,367,20
"76534",706,636,-6
"76535",1458,1373,-5
"76536",538,480,-3
"76537",873,836,-3
"76538",1054,1015,-1
"76540",2142,203,-9
"76541",1000,882,-17
"76542",443,420,-3
"76543",971,910,-5
"76544",1239,1199,-2
"76545",572,358,-5
"76546",444,416,-3
"76547",773,707,-10
"76548",576,529,-2
"76549",682,655,-1
"76550",1116,918,12
"76551",706,651,-6
"76552",232,40,-1
"76553",795,763,-2
"76554",792,761,-2
"76555",1239,1165,-8
"76556",642,568,-8
"76557",1394,1302,-18
"76558",671,594,-8
"76559",475,442,-3
"76560",979,903,-5
"76561",582,163,-7
"76562",1003,821,-9
"76563",686,580,-16
"76564",624,581,0
"76565",781,641,-12
"76566",615,571,-4
"76567",1166,1113,-3
"76568",407,368,-6
"76569",582,556,-2
"76570",649,615,-5
"76571",1378,1320,-2
"76572",241,223,-1
"76573",1040,983,-3
"76574",853,809,-12
"76575",1831,712,-36
"76576",659,581,-9
"76577",681,638,-7
"76578",1439,1388,0
"76580",919,863,-8
"76581",934,893,-3
"76582",719,623,-5
"76583",406,386,-2
"76584",876,824,-4
"76585",599,568,-5
"76586",718,668,-14
"76587",695,635,-2
"76588",1418,1344,-11
"76589",308,292,-4
"76590",783,756,-3
"76591",1675,1473,-24
"76592",1378,1186,-28
"76593",805,746,-31
"76594",752,650,-16
"76595",2005,1790,-17
"76596",788,705,-9
"76597",649,604,-4
"76598",1122,1076,-3
"76599",284,170,-4
"76600",1186,1024,-24
"76602",1318,1255,-8
"76603",497,466,-1
"76604",660,636,0
"76605",569,506,-5
"76606",903,845,-5
"76607",323,303,-1
"76608",734,651,-14
"76609",322,301,-5
"76610",412,287,-17
"76611",518,481,-3
"76612",718,696,-7
"76613",827,738,-1
"76614",1260,1067,-5
"76615",406,371,-5
"76616",516,439,-16
"76617",503,373,-12
"76618",697,520,-7
"76619",1774,1714,-9
"76620",584,555,-4
"76621",2132,1997,-8
"76622",1416,1283,-2
"76623",496,476,1
"76624",1557,1349,-10
"76625",905,773,-7
"76626",318,290,-2
"76627",934,832,-14
"76628",629,546,-6
"76629",615,593,-1
"76630",536,514,-2
"76631",1814,1704,1
"76632",839,802,-2
"76634",1026,884,-8
"76635",844,814,-3
"76636",1314,1141,-21
"76637",392,323,-7
"76638",769,706,-4
"76639",453,430,-3
"76640",638,274,-2
"76641",695,666,-3
"76642",548,508,-3
"76643",349,332,0
"76644",841,784,-6
"76645",1001,942,-4
"76646",621,560,-8
"76647",1176,956,-33
"76648",2615,2412,-46
"76649",1337,1277,-4
"76650",758,696,-7
"76651",326,300,-2
"76652",1386,1319,-5
"76653",1233,1179,-10
"76654",600,567,-5
"76655",1066,790,-17
"76656",851,799,-5
"76657",3154,2517,-26
"76658",485,451,-7
"76659",1816,1585,-27
"76660",1536,957,36
"76662",258,244,-2
"76663",883,789,-9
"76664",632,577,1
"76665",574,537,-4
"76666",1613,1543,-3
"76667",334,304,-2
"76668",522,491,-2
"76669",377,350,-2
"76670",498,417,15
"76671",828,801,-3
"76672",573,494,-10
"76673",794,730,-6
"76674",641,611,-4
"76675",1581,1465,-8
"76676",2725,2632,-14
"76677",1280,1234,-4
"76678",2129,2016,-2
"76679",304,286,-2
"76680",451,431,-1
"76681",744,45,-5
"76682",502,333,-1
"76683",811,760,-10
"76684",741,457,-4
"76685",462,416,-7
"76686",729,684,0
"76688",928,881,-4
"76689",538,494,-8
"76690",680,641,-7
"76691",1012,974,-4
"76692",596,559,-2
"76693",619,557,-4
"76694",318,300,0
"76695",349,328,-3
"76696",364,341,-3
"76697",879,816,-5
"76698",372,331,-2
"76699",539,510,-2
"76700",755,651,-10
"76701",400,375,-1
"76702",1262,1199,-5
"76703",577,552,-2
"76704",776,730,-6
"76705",808,346,-4
"76706",847,778,2
"76707",592,514,-22
"76708",449,402,-2
"76709",1760,1409,-12
"76710",278,263,-1
"76711",679,441,-15
"76712",208,179,-4
"76713",306,286,-2
"76714",753,706,-4
"76715",1057,1006,-3
"76716",613,550,-6
"76717",1026,894,0
"76718",1339,1222,-23
"76719",555,472,-4
"76720",1075,955,-13
"76721",924,870,-15
"76723",561,534,-5
"76724",454,437,-3
"76725",697,663,-3
"76726",528,487,-2
"76727",4920,4575,-24
"76728",802,703,-18
"76729",796,740,-6
"76730",318,301,-3
"76731",260,246,-2
"76732",355,330,-1
"76733",613,593,-3
"76734",429,402,-4
"76735",520,449,-6
"76736",480,423,-2
"76737",868,827,-9
"76738",813,750,-6
"76739",1498,1386,-9
"76740",557,527,-6
"76741",353,331,-4
"76742",1114,949,-4
"76743",742,650,-36
"76744",707,681,-5
"76745",834,808,-2
"76746",427,406,-2
"76747",250,231,-2
"76748",819,717,6
"76749",1942,1877,-3
"76750",331,212,1
"76751",1028,942,-4
"76752",1047,905,-27
"76753",399,328,2
"76754",212,170,5
"76755",1026,978,-4
"76756",655,628,-2
"76757",606,559,-5
"76758",749,338,-40
"76759",773,606,-4
